{
    "accuracy": 0.9945012787723785,
    "precision": 0.9936470588235294,
    "recall": 0.9962255248879452,
    "f1_score": 0.9949346212745906,
    "mae": 0.12439168134468437,
    "mse": 0.02675238746077211,
    "rmse": 0.16356157085566314,
    "r2_score": 0.8922274114037475,
    "threshold": 0.5,
    "classification_report": "              precision    recall  f1-score   support\n\n   Fake News       1.00      0.99      0.99      3581\n   Real News       0.99      1.00      0.99      4239\n\n    accuracy                           0.99      7820\n   macro avg       0.99      0.99      0.99      7820\nweighted avg       0.99      0.99      0.99      7820\n",
    "confusion_matrix": [
        [
            3554,
            27
        ],
        [
            16,
            4223
        ]
    ],
    "train_size": 31278,
    "test_size": 7820,
    "total_samples": 39098,
    "fake_count": 17902,
    "real_count": 21196
}